
INSERT INTO `permission` (`id`, `name`) VALUES (1, 'SUBMIT_DOCUMENT');
INSERT INTO `permission` (`id`, `name`) VALUES (2, 'READ_DOCUMENT');

INSERT INTO `role` (`id`,`name`) VALUES (1, 'ADMINISTRATOR');
INSERT INTO `role` (`id`,`name`) VALUES (2, 'USER');
INSERT INTO `role` (`id`,`name`) VALUES (3, 'AUTHOR');
INSERT INTO `role` (`id`,`name`) VALUES (4, 'READER');
INSERT INTO `role` (`id`,`name`) VALUES (5, 'EDITOR');

INSERT INTO `role_permissions` (`role_id`, `permission_id`) VALUES (1, 1);
INSERT INTO `role_permissions` (`role_id`, `permission_id`) VALUES (2, 2);

INSERT INTO `scientific_area` (`id`,`name`) VALUES (1, 'aerodinamika');
INSERT INTO `scientific_area` (`id`,`name`) VALUES (2, 'aeronautika');
INSERT INTO `scientific_area` (`id`,`name`) VALUES (3, 'anatomija');
INSERT INTO `scientific_area` (`id`,`name`) VALUES (4, 'astronomija');
INSERT INTO `scientific_area` (`id`,`name`) VALUES (5, 'astrofizika');
INSERT INTO `scientific_area` (`id`,`name`) VALUES (6, 'bacteriology');
INSERT INTO `scientific_area` (`id`,`name`) VALUES (7, 'ballistics');
INSERT INTO `scientific_area` (`id`,`name`) VALUES (8, 'big science');
INSERT INTO `scientific_area` (`id`,`name`) VALUES (9, 'biochemistry');
INSERT INTO `scientific_area` (`id`,`name`) VALUES (10, 'biology');
INSERT INTO `scientific_area` (`id`,`name`) VALUES (11, 'biophysics');
INSERT INTO `scientific_area` (`id`,`name`) VALUES (12, 'bioscience');
INSERT INTO `scientific_area` (`id`,`name`) VALUES (13, 'botany');
INSERT INTO `scientific_area` (`id`,`name`) VALUES (14, 'chaos theory');
INSERT INTO `scientific_area` (`id`,`name`) VALUES (15, 'chemistry');
INSERT INTO `scientific_area` (`id`,`name`) VALUES (16, 'chronology');
INSERT INTO `scientific_area` (`id`,`name`) VALUES (17, 'climatology');
INSERT INTO `scientific_area` (`id`,`name`) VALUES (18, 'computational linguistics');
INSERT INTO `scientific_area` (`id`,`name`) VALUES (19, 'computer science');
INSERT INTO `scientific_area` (`id`,`name`) VALUES (20, 'criminology');
INSERT INTO `scientific_area` (`id`,`name`) VALUES (21, 'cryogenics');
INSERT INTO `scientific_area` (`id`,`name`) VALUES (22, 'dermatology');
INSERT INTO `scientific_area` (`id`,`name`) VALUES (23, 'dynamics');
INSERT INTO `scientific_area` (`id`,`name`) VALUES (24, 'ecology');
INSERT INTO `scientific_area` (`id`,`name`) VALUES (25, 'electronics');
INSERT INTO `scientific_area` (`id`,`name`) VALUES (26, 'entomology');
INSERT INTO `scientific_area` (`id`,`name`) VALUES (27, 'geology');
INSERT INTO `scientific_area` (`id`,`name`) VALUES (28, 'geophysics');
INSERT INTO `scientific_area` (`id`,`name`) VALUES (29, 'graphology');
INSERT INTO `scientific_area` (`id`,`name`) VALUES (30, 'Informatics');
INSERT INTO `scientific_area` (`id`,`name`) VALUES (31, 'information technology');
INSERT INTO `scientific_area` (`id`,`name`) VALUES (32, 'information theory');
INSERT INTO `scientific_area` (`id`,`name`) VALUES (33, 'inorganic chemistry');
INSERT INTO `scientific_area` (`id`,`name`) VALUES (34, 'kinetics');
INSERT INTO `scientific_area` (`id`,`name`) VALUES (35, 'mechanical engineering');
INSERT INTO `scientific_area` (`id`,`name`) VALUES (36, 'metallurgy');
INSERT INTO `scientific_area` (`id`,`name`) VALUES (37, 'meteorology');
INSERT INTO `scientific_area` (`id`,`name`) VALUES (38, 'microbiology');
INSERT INTO `scientific_area` (`id`,`name`) VALUES (39, 'microelectronics');
INSERT INTO `scientific_area` (`id`,`name`) VALUES (40, 'mycology');
INSERT INTO `scientific_area` (`id`,`name`) VALUES (41, 'nuclear physics');
INSERT INTO `scientific_area` (`id`,`name`) VALUES (42, 'oceanography');
INSERT INTO `scientific_area` (`id`,`name`) VALUES (43, 'optics');
INSERT INTO `scientific_area` (`id`,`name`) VALUES (44, 'organic chemistry');
INSERT INTO `scientific_area` (`id`,`name`) VALUES (45, 'ornithology');
INSERT INTO `scientific_area` (`id`,`name`) VALUES (46, 'petrology');
INSERT INTO `scientific_area` (`id`,`name`) VALUES (47, 'philology');
INSERT INTO `scientific_area` (`id`,`name`) VALUES (48, 'physical geography');
INSERT INTO `scientific_area` (`id`,`name`) VALUES (49, 'physiology');
INSERT INTO `scientific_area` (`id`,`name`) VALUES (50, 'plate tectonics');
INSERT INTO `scientific_area` (`id`,`name`) VALUES (51, 'psycholinguistics');
INSERT INTO `scientific_area` (`id`,`name`) VALUES (52, 'quantum mechanics');
INSERT INTO `scientific_area` (`id`,`name`) VALUES (53, 'robotics');
INSERT INTO `scientific_area` (`id`,`name`) VALUES (54, 'seismology');
INSERT INTO `scientific_area` (`id`,`name`) VALUES (55, 'sexology');
INSERT INTO `scientific_area` (`id`,`name`) VALUES (56, 'statistics');
INSERT INTO `scientific_area` (`id`,`name`) VALUES (57, 'STEM');
INSERT INTO `scientific_area` (`id`,`name`) VALUES (58, 'telecommunications');
INSERT INTO `scientific_area` (`id`,`name`) VALUES (59, 'thermodynamics');
INSERT INTO `scientific_area` (`id`,`name`) VALUES (60, 'toxicology');
INSERT INTO `scientific_area` (`id`,`name`) VALUES (61, 'zoology');

INSERT INTO `user_data` (`id`,`camunda_user_id`,`city`,`country`,`reviewer`,`user_status`) VALUES (1,'admin','Madrid','Spanija',1,0);
INSERT INTO `user_data` (`id`,`camunda_user_id`,`city`,`country`,`reviewer`,`user_status`) VALUES (2,'pera','Novi Sad','Srbija',1,0);
INSERT INTO `user_data` (`id`,`camunda_user_id`,`city`,`country`,`reviewer`,`user_status`) VALUES (3,'zika','Beograd','Srbija',1,0);
INSERT INTO `user_data` (`id`,`camunda_user_id`,`city`,`country`,`reviewer`,`user_status`) VALUES (4,'mika','Banja Luka','Republika Srpska',1,0);
INSERT INTO `user_data` (`id`,`camunda_user_id`,`city`,`country`,`reviewer`,`user_status`) VALUES (5,'editor','Nis','Srbija',0,0);
INSERT INTO `user_data` (`id`,`camunda_user_id`,`city`,`country`,`reviewer`,`user_status`) VALUES (6,'editor1','Atina','Grcka',0,0);
INSERT INTO `user_data` (`id`,`camunda_user_id`,`city`,`country`,`reviewer`,`user_status`) VALUES (7,'editor2','Pariz','Francuska',0,0);
INSERT INTO `user_data` (`id`,`camunda_user_id`,`city`,`country`,`reviewer`,`user_status`) VALUES (8,'editor3','Rim','Italija',0,0);
INSERT INTO `user_data` (`id`,`camunda_user_id`,`city`,`country`,`reviewer`,`user_status`) VALUES (9,'editor4','Bec','Austrija',0,0);
INSERT INTO `user_data` (`id`,`camunda_user_id`,`city`,`country`,`reviewer`,`user_status`) VALUES (10,'editor5','Berlin','Nemacka',0,0);
INSERT INTO `user_data` (`id`,`camunda_user_id`,`city`,`country`,`reviewer`,`user_status`) VALUES (11,'editor6','Varsava','Poljska',0,0);

INSERT INTO `user_roles` (`user_id`,`role_id`) VALUES (1,1);
INSERT INTO `user_roles` (`user_id`,`role_id`) VALUES (2,2);
INSERT INTO `user_roles` (`user_id`,`role_id`) VALUES (3,2);
INSERT INTO `user_roles` (`user_id`,`role_id`) VALUES (4,2);
INSERT INTO `user_roles` (`user_id`,`role_id`) VALUES (5,2);
INSERT INTO `user_roles` (`user_id`,`role_id`) VALUES (6,2);
INSERT INTO `user_roles` (`user_id`,`role_id`) VALUES (7,2);
INSERT INTO `user_roles` (`user_id`,`role_id`) VALUES (8,2);
INSERT INTO `user_roles` (`user_id`,`role_id`) VALUES (9,2);
INSERT INTO `user_roles` (`user_id`,`role_id`) VALUES (10,2);
INSERT INTO `user_roles` (`user_id`,`role_id`) VALUES (11,2);
INSERT INTO `user_roles` (`user_id`,`role_id`) VALUES (2,4);
INSERT INTO `user_roles` (`user_id`,`role_id`) VALUES (3,4);
INSERT INTO `user_roles` (`user_id`,`role_id`) VALUES (4,4);
INSERT INTO `user_roles` (`user_id`,`role_id`) VALUES (5,5);
INSERT INTO `user_roles` (`user_id`,`role_id`) VALUES (6,5);
INSERT INTO `user_roles` (`user_id`,`role_id`) VALUES (7,5);
INSERT INTO `user_roles` (`user_id`,`role_id`) VALUES (8,5);
INSERT INTO `user_roles` (`user_id`,`role_id`) VALUES (9,5);
INSERT INTO `user_roles` (`user_id`,`role_id`) VALUES (10,5);
INSERT INTO `user_roles` (`user_id`,`role_id`) VALUES (11,5);

INSERT INTO `user_scientific_areas` (`user_id`,`scientific_area_id`) VALUES (1,1);
INSERT INTO `user_scientific_areas` (`user_id`,`scientific_area_id`) VALUES (1,2);
INSERT INTO `user_scientific_areas` (`user_id`,`scientific_area_id`) VALUES (1,3);
INSERT INTO `user_scientific_areas` (`user_id`,`scientific_area_id`) VALUES (1,4);
INSERT INTO `user_scientific_areas` (`user_id`,`scientific_area_id`) VALUES (1,5);
INSERT INTO `user_scientific_areas` (`user_id`,`scientific_area_id`) VALUES (2,1);
INSERT INTO `user_scientific_areas` (`user_id`,`scientific_area_id`) VALUES (2,2);
INSERT INTO `user_scientific_areas` (`user_id`,`scientific_area_id`) VALUES (2,3);
INSERT INTO `user_scientific_areas` (`user_id`,`scientific_area_id`) VALUES (2,4);
INSERT INTO `user_scientific_areas` (`user_id`,`scientific_area_id`) VALUES (2,5);
INSERT INTO `user_scientific_areas` (`user_id`,`scientific_area_id`) VALUES (3,1);
INSERT INTO `user_scientific_areas` (`user_id`,`scientific_area_id`) VALUES (3,2);
INSERT INTO `user_scientific_areas` (`user_id`,`scientific_area_id`) VALUES (3,3);
INSERT INTO `user_scientific_areas` (`user_id`,`scientific_area_id`) VALUES (3,4);
INSERT INTO `user_scientific_areas` (`user_id`,`scientific_area_id`) VALUES (3,5);
INSERT INTO `user_scientific_areas` (`user_id`,`scientific_area_id`) VALUES (4,1);
INSERT INTO `user_scientific_areas` (`user_id`,`scientific_area_id`) VALUES (4,2);
INSERT INTO `user_scientific_areas` (`user_id`,`scientific_area_id`) VALUES (4,3);
INSERT INTO `user_scientific_areas` (`user_id`,`scientific_area_id`) VALUES (4,4);
INSERT INTO `user_scientific_areas` (`user_id`,`scientific_area_id`) VALUES (4,5);
INSERT INTO `user_scientific_areas` (`user_id`,`scientific_area_id`) VALUES (5,1);
INSERT INTO `user_scientific_areas` (`user_id`,`scientific_area_id`) VALUES (5,2);
INSERT INTO `user_scientific_areas` (`user_id`,`scientific_area_id`) VALUES (5,3);
INSERT INTO `user_scientific_areas` (`user_id`,`scientific_area_id`) VALUES (5,4);
INSERT INTO `user_scientific_areas` (`user_id`,`scientific_area_id`) VALUES (5,5);
INSERT INTO `user_scientific_areas` (`user_id`,`scientific_area_id`) VALUES (6,1);
INSERT INTO `user_scientific_areas` (`user_id`,`scientific_area_id`) VALUES (6,2);
INSERT INTO `user_scientific_areas` (`user_id`,`scientific_area_id`) VALUES (6,3);
INSERT INTO `user_scientific_areas` (`user_id`,`scientific_area_id`) VALUES (6,4);
INSERT INTO `user_scientific_areas` (`user_id`,`scientific_area_id`) VALUES (6,5);
INSERT INTO `user_scientific_areas` (`user_id`,`scientific_area_id`) VALUES (7,1);
INSERT INTO `user_scientific_areas` (`user_id`,`scientific_area_id`) VALUES (7,2);
INSERT INTO `user_scientific_areas` (`user_id`,`scientific_area_id`) VALUES (7,3);
INSERT INTO `user_scientific_areas` (`user_id`,`scientific_area_id`) VALUES (7,4);
INSERT INTO `user_scientific_areas` (`user_id`,`scientific_area_id`) VALUES (7,5);


INSERT INTO `magazine` (`id`,`name`,`issn`,`username`,`password`,`merchant_id`,`currency`,`main_editor_id`,`payer_type`,`magazine_status`) VALUES (1, 'Magazine1','issn1','magazine1', 'magazine1', NULL, 0, 5, 0, 0);
INSERT INTO `magazine` (`id`,`name`,`issn`,`username`,`password`,`merchant_id`,`currency`,`main_editor_id`,`payer_type`,`magazine_status`) VALUES (2, 'Magazine2','issn2','magazine2', 'magazine2', NULL, 0, 6, 0, 0);
INSERT INTO `magazine` (`id`,`name`,`issn`,`username`,`password`,`merchant_id`,`currency`,`main_editor_id`,`payer_type`,`magazine_status`) VALUES (3, 'Magazine3','issn3','magazine3', 'magazine3', NULL, 0, 7, 0, 0);
INSERT INTO `magazine` (`id`,`name`,`issn`,`username`,`password`,`merchant_id`,`currency`,`main_editor_id`,`payer_type`,`magazine_status`) VALUES (4, 'Magazine4','issn4','magazine4', 'magazine4', NULL, 0, 5, 0, 0);
INSERT INTO `magazine` (`id`,`name`,`issn`,`username`,`password`,`merchant_id`,`currency`,`main_editor_id`,`payer_type`,`magazine_status`) VALUES (5, 'Magazine5','issn5','magazine5', 'magazine5', NULL, 0, 6, 0, 0);
INSERT INTO `magazine` (`id`,`name`,`issn`,`username`,`password`,`merchant_id`,`currency`,`main_editor_id`,`payer_type`,`magazine_status`) VALUES (6, 'Magazine6','issn6','magazine6', 'magazine6', NULL, 0, 7, 0, 0);
INSERT INTO `magazine` (`id`,`name`,`issn`,`username`,`password`,`merchant_id`,`currency`,`main_editor_id`,`payer_type`,`magazine_status`) VALUES (7, 'Magazine7','issn7','magazine7', 'magazine7', NULL, 0, 5, 0, 0);
INSERT INTO `magazine` (`id`,`name`,`issn`,`username`,`password`,`merchant_id`,`currency`,`main_editor_id`,`payer_type`,`magazine_status`) VALUES (8, 'Magazine8','issn8','magazine8', 'magazine8', NULL, 0, 6, 0, 0);
INSERT INTO `magazine` (`id`,`name`,`issn`,`username`,`password`,`merchant_id`,`currency`,`main_editor_id`,`payer_type`,`magazine_status`) VALUES (9, 'Magazine9','issn9','magazine9', 'magazine9', NULL, 0, 7, 0, 0);

INSERT INTO `scientific_paper` (`id`,`title`,`keywords`,`abstract`,`relative_path_to_file`,`scientific_area_id`,`author_id`,`magazine_name`,`status`) VALUES (1, 'Koridor 10 do kraja 2010','keyword1,keyword2,keyword3','abstract1', '\aerodinamika\Koridor 10 do kraja 2010.pdf', 1, 3, 'Magazine1', 1);
INSERT INTO `scientific_paper` (`id`,`title`,`keywords`,`abstract`,`relative_path_to_file`,`scientific_area_id`,`author_id`,`magazine_name`,`status`) VALUES (2, 'Pandemija gripa','keyword4,keyword2,keyword5','abstract2', '\anatomija\Pandemija gripa.pdf', 5, 4, 'Magazine2', 1);
INSERT INTO `scientific_paper` (`id`,`title`,`keywords`,`abstract`,`relative_path_to_file`,`scientific_area_id`,`author_id`,`magazine_name`,`status`) VALUES (3, 'Vakcina H1N1','keyword7,keyword6,keyword4','abstract3', '\astronomija\Vakcina H1N1.pdf', 4, 2, 'Magazine3', 1);
INSERT INTO `scientific_paper` (`id`,`title`,`keywords`,`abstract`,`relative_path_to_file`,`scientific_area_id`,`author_id`,`magazine_name`,`status`) VALUES (4, 'Otvorene dve deonicekoridora 10','keyword2,keyword7,keyword8','abstract4', '\aeronautika\Otvorene dve deonicekoridora 10.pdf', 2, 4, 'Magazine1', 1);
INSERT INTO `scientific_paper` (`id`,`title`,`keywords`,`abstract`,`relative_path_to_file`,`scientific_area_id`,`author_id`,`magazine_name`,`status`) VALUES (5, 'Prve vakcine danas u Srbiji','keyword1,keyword3,keyword1','abstract5', '\astrofizika\Prve vakcine danas u Srbiji.pdf', 5, 2, 'Magazine2', 1);
--INSERT INTO `scientific_paper` (`id`,`title`,`keywords`,`abstract`,`relative_path_to_file`,`scientific_area_id`,`author_id`,`magazine_name`,`status`) VALUES (6, 'Segmentna anatomija jetre na ultrazvuku','keyword10,keyword3,keyword3','abstract6', '\anatomija\segmentna_anatomija_jetre_na_ultrazvuku.pdf', 3, 3, 'Magazine4', 1);
--INSERT INTO `scientific_paper` (`id`,`title`,`keywords`,`abstract`,`relative_path_to_file`,`scientific_area_id`,`author_id`,`magazine_name`,`status`) VALUES (7, 'TOPOGRAFSKA ANATOMIJA GLAVE I VRATA MACKE','keyword4,keyword5,keyword3','abstract7', '\aeronautika\TOPOGRAFSKA_ANATOMIJA_GLAVE_I_VRATA_MACKE.pdf', 4, 3, 'Magazine3', 1);
--INSERT INTO `scientific_paper` (`id`,`title`,`keywords`,`abstract`,`relative_path_to_file`,`scientific_area_id`,`author_id`,`magazine_name`,`status`) VALUES (8, 'FAKULTETZA CIVILNO VAZDUHOPLOVSTVO','keyword11,keyword12,keyword8','abstract8', '\anatomija\FAKULTET_ZA_CIVILNO_VAZDUHOPLOVSTVO.pdf', 3, 4, 'Magazine5', 1);
--INSERT INTO `scientific_paper` (`id`,`title`,`keywords`,`abstract`,`relative_path_to_file`,`scientific_area_id`,`author_id`,`magazine_name`,`status`) VALUES (9, 'Anatomija i fiziologija koze','keyword6,keyword5,keyword2','abstract9', '\anatomija\Anatomija_i_fiziologija_koze.pdf', 3, 2, 'Magazine6', 1);

INSERT INTO `magazine_scientific_papers` (`magazine_id`,`scientific_paper_id`) VALUES (1,1);
INSERT INTO `magazine_scientific_papers` (`magazine_id`,`scientific_paper_id`) VALUES (1,2);
INSERT INTO `magazine_scientific_papers` (`magazine_id`,`scientific_paper_id`) VALUES (1,3);
INSERT INTO `magazine_scientific_papers` (`magazine_id`,`scientific_paper_id`) VALUES (2,4);
INSERT INTO `magazine_scientific_papers` (`magazine_id`,`scientific_paper_id`) VALUES (2,5);
--INSERT INTO `magazine_scientific_papers` (`magazine_id`,`scientific_paper_id`) VALUES (2,6);
--INSERT INTO `magazine_scientific_papers` (`magazine_id`,`scientific_paper_id`) VALUES (3,7);
--INSERT INTO `magazine_scientific_papers` (`magazine_id`,`scientific_paper_id`) VALUES (3,8);
--INSERT INTO `magazine_scientific_papers` (`magazine_id`,`scientific_paper_id`) VALUES (3,9);

INSERT INTO `magazine_scientific_areas` (`magazine_id`,`scientific_area_id`) VALUES (1,1);
INSERT INTO `magazine_scientific_areas` (`magazine_id`,`scientific_area_id`) VALUES (1,2);
INSERT INTO `magazine_scientific_areas` (`magazine_id`,`scientific_area_id`) VALUES (1,3);
INSERT INTO `magazine_scientific_areas` (`magazine_id`,`scientific_area_id`) VALUES (1,4);
INSERT INTO `magazine_scientific_areas` (`magazine_id`,`scientific_area_id`) VALUES (1,5);
INSERT INTO `magazine_scientific_areas` (`magazine_id`,`scientific_area_id`) VALUES (2,6);
INSERT INTO `magazine_scientific_areas` (`magazine_id`,`scientific_area_id`) VALUES (2,7);
INSERT INTO `magazine_scientific_areas` (`magazine_id`,`scientific_area_id`) VALUES (2,8);
INSERT INTO `magazine_scientific_areas` (`magazine_id`,`scientific_area_id`) VALUES (2,9);
INSERT INTO `magazine_scientific_areas` (`magazine_id`,`scientific_area_id`) VALUES (2,10);
INSERT INTO `magazine_scientific_areas` (`magazine_id`,`scientific_area_id`) VALUES (3,11);
INSERT INTO `magazine_scientific_areas` (`magazine_id`,`scientific_area_id`) VALUES (3,12);
INSERT INTO `magazine_scientific_areas` (`magazine_id`,`scientific_area_id`) VALUES (3,13);
INSERT INTO `magazine_scientific_areas` (`magazine_id`,`scientific_area_id`) VALUES (3,14);
INSERT INTO `magazine_scientific_areas` (`magazine_id`,`scientific_area_id`) VALUES (3,15);
INSERT INTO `magazine_scientific_areas` (`magazine_id`,`scientific_area_id`) VALUES (4,1);
INSERT INTO `magazine_scientific_areas` (`magazine_id`,`scientific_area_id`) VALUES (4,2);
INSERT INTO `magazine_scientific_areas` (`magazine_id`,`scientific_area_id`) VALUES (4,3);
INSERT INTO `magazine_scientific_areas` (`magazine_id`,`scientific_area_id`) VALUES (4,4);
INSERT INTO `magazine_scientific_areas` (`magazine_id`,`scientific_area_id`) VALUES (4,5);
INSERT INTO `magazine_scientific_areas` (`magazine_id`,`scientific_area_id`) VALUES (5,6);
INSERT INTO `magazine_scientific_areas` (`magazine_id`,`scientific_area_id`) VALUES (5,7);
INSERT INTO `magazine_scientific_areas` (`magazine_id`,`scientific_area_id`) VALUES (5,8);
INSERT INTO `magazine_scientific_areas` (`magazine_id`,`scientific_area_id`) VALUES (5,9);
INSERT INTO `magazine_scientific_areas` (`magazine_id`,`scientific_area_id`) VALUES (5,10);
INSERT INTO `magazine_scientific_areas` (`magazine_id`,`scientific_area_id`) VALUES (6,11);
INSERT INTO `magazine_scientific_areas` (`magazine_id`,`scientific_area_id`) VALUES (6,12);
INSERT INTO `magazine_scientific_areas` (`magazine_id`,`scientific_area_id`) VALUES (6,13);
INSERT INTO `magazine_scientific_areas` (`magazine_id`,`scientific_area_id`) VALUES (6,14);
INSERT INTO `magazine_scientific_areas` (`magazine_id`,`scientific_area_id`) VALUES (6,15);
INSERT INTO `magazine_scientific_areas` (`magazine_id`,`scientific_area_id`) VALUES (7,1);
INSERT INTO `magazine_scientific_areas` (`magazine_id`,`scientific_area_id`) VALUES (7,2);
INSERT INTO `magazine_scientific_areas` (`magazine_id`,`scientific_area_id`) VALUES (7,3);
INSERT INTO `magazine_scientific_areas` (`magazine_id`,`scientific_area_id`) VALUES (7,4);
INSERT INTO `magazine_scientific_areas` (`magazine_id`,`scientific_area_id`) VALUES (7,5);
INSERT INTO `magazine_scientific_areas` (`magazine_id`,`scientific_area_id`) VALUES (8,6);
INSERT INTO `magazine_scientific_areas` (`magazine_id`,`scientific_area_id`) VALUES (8,7);
INSERT INTO `magazine_scientific_areas` (`magazine_id`,`scientific_area_id`) VALUES (8,8);
INSERT INTO `magazine_scientific_areas` (`magazine_id`,`scientific_area_id`) VALUES (8,9);
INSERT INTO `magazine_scientific_areas` (`magazine_id`,`scientific_area_id`) VALUES (8,10);
INSERT INTO `magazine_scientific_areas` (`magazine_id`,`scientific_area_id`) VALUES (9,11);
INSERT INTO `magazine_scientific_areas` (`magazine_id`,`scientific_area_id`) VALUES (9,12);
INSERT INTO `magazine_scientific_areas` (`magazine_id`,`scientific_area_id`) VALUES (9,13);
INSERT INTO `magazine_scientific_areas` (`magazine_id`,`scientific_area_id`) VALUES (9,14);
INSERT INTO `magazine_scientific_areas` (`magazine_id`,`scientific_area_id`) VALUES (9,15);

INSERT INTO `magazine_editors` (`magazine_id`,`editor_id`) VALUES (1,6);
INSERT INTO `magazine_editors` (`magazine_id`,`editor_id`) VALUES (1,7);
INSERT INTO `magazine_editors` (`magazine_id`,`editor_id`) VALUES (1,11);
INSERT INTO `magazine_editors` (`magazine_id`,`editor_id`) VALUES (2,8);
INSERT INTO `magazine_editors` (`magazine_id`,`editor_id`) VALUES (2,9);
INSERT INTO `magazine_editors` (`magazine_id`,`editor_id`) VALUES (2,10);
INSERT INTO `magazine_editors` (`magazine_id`,`editor_id`) VALUES (3,10);
INSERT INTO `magazine_editors` (`magazine_id`,`editor_id`) VALUES (3,6);
INSERT INTO `magazine_editors` (`magazine_id`,`editor_id`) VALUES (3,7);
INSERT INTO `magazine_editors` (`magazine_id`,`editor_id`) VALUES (4,6);
INSERT INTO `magazine_editors` (`magazine_id`,`editor_id`) VALUES (4,7);
INSERT INTO `magazine_editors` (`magazine_id`,`editor_id`) VALUES (4,11);
INSERT INTO `magazine_editors` (`magazine_id`,`editor_id`) VALUES (5,8);
INSERT INTO `magazine_editors` (`magazine_id`,`editor_id`) VALUES (5,9);
INSERT INTO `magazine_editors` (`magazine_id`,`editor_id`) VALUES (5,10);
INSERT INTO `magazine_editors` (`magazine_id`,`editor_id`) VALUES (6,10);
INSERT INTO `magazine_editors` (`magazine_id`,`editor_id`) VALUES (6,6);
INSERT INTO `magazine_editors` (`magazine_id`,`editor_id`) VALUES (6,7);
INSERT INTO `magazine_editors` (`magazine_id`,`editor_id`) VALUES (7,6);
INSERT INTO `magazine_editors` (`magazine_id`,`editor_id`) VALUES (7,7);
INSERT INTO `magazine_editors` (`magazine_id`,`editor_id`) VALUES (7,11);
INSERT INTO `magazine_editors` (`magazine_id`,`editor_id`) VALUES (8,8);
INSERT INTO `magazine_editors` (`magazine_id`,`editor_id`) VALUES (8,9);
INSERT INTO `magazine_editors` (`magazine_id`,`editor_id`) VALUES (8,10);
INSERT INTO `magazine_editors` (`magazine_id`,`editor_id`) VALUES (9,10);
INSERT INTO `magazine_editors` (`magazine_id`,`editor_id`) VALUES (9,6);
INSERT INTO `magazine_editors` (`magazine_id`,`editor_id`) VALUES (9,7);

INSERT INTO `magazine_reviewers` (`magazine_id`,`reviewer_id`) VALUES (1,2);
INSERT INTO `magazine_reviewers` (`magazine_id`,`reviewer_id`) VALUES (1,3);
INSERT INTO `magazine_reviewers` (`magazine_id`,`reviewer_id`) VALUES (1,4);
INSERT INTO `magazine_reviewers` (`magazine_id`,`reviewer_id`) VALUES (2,2);
INSERT INTO `magazine_reviewers` (`magazine_id`,`reviewer_id`) VALUES (2,3);
INSERT INTO `magazine_reviewers` (`magazine_id`,`reviewer_id`) VALUES (2,4);
INSERT INTO `magazine_reviewers` (`magazine_id`,`reviewer_id`) VALUES (3,2);
INSERT INTO `magazine_reviewers` (`magazine_id`,`reviewer_id`) VALUES (3,3);
INSERT INTO `magazine_reviewers` (`magazine_id`,`reviewer_id`) VALUES (3,4);
INSERT INTO `magazine_reviewers` (`magazine_id`,`reviewer_id`) VALUES (4,2);
INSERT INTO `magazine_reviewers` (`magazine_id`,`reviewer_id`) VALUES (4,3);
INSERT INTO `magazine_reviewers` (`magazine_id`,`reviewer_id`) VALUES (4,4);
INSERT INTO `magazine_reviewers` (`magazine_id`,`reviewer_id`) VALUES (5,2);
INSERT INTO `magazine_reviewers` (`magazine_id`,`reviewer_id`) VALUES (5,3);
INSERT INTO `magazine_reviewers` (`magazine_id`,`reviewer_id`) VALUES (5,4);
INSERT INTO `magazine_reviewers` (`magazine_id`,`reviewer_id`) VALUES (6,2);
INSERT INTO `magazine_reviewers` (`magazine_id`,`reviewer_id`) VALUES (6,3);
INSERT INTO `magazine_reviewers` (`magazine_id`,`reviewer_id`) VALUES (6,4);
INSERT INTO `magazine_reviewers` (`magazine_id`,`reviewer_id`) VALUES (7,2);
INSERT INTO `magazine_reviewers` (`magazine_id`,`reviewer_id`) VALUES (7,3);
INSERT INTO `magazine_reviewers` (`magazine_id`,`reviewer_id`) VALUES (7,4);
INSERT INTO `magazine_reviewers` (`magazine_id`,`reviewer_id`) VALUES (8,2);
INSERT INTO `magazine_reviewers` (`magazine_id`,`reviewer_id`) VALUES (8,3);
INSERT INTO `magazine_reviewers` (`magazine_id`,`reviewer_id`) VALUES (8,4);
INSERT INTO `magazine_reviewers` (`magazine_id`,`reviewer_id`) VALUES (9,2);
INSERT INTO `magazine_reviewers` (`magazine_id`,`reviewer_id`) VALUES (9,3);
INSERT INTO `magazine_reviewers` (`magazine_id`,`reviewer_id`) VALUES (9,4);

INSERT INTO `membership_fee` (`id`,`product_id`, `magazine`,`payer_id`,`kp_transaction_id`,`price`,`currency`,`timestamp`,`paid`,`valid_until`) VALUES (1, 1, 1,2, NULL, 2900, 0, '2020-02-09 02:54:14.332', 1, '2020-03-10 02:54:14.332');
INSERT INTO `membership_fee` (`id`,`product_id`, `magazine`,`payer_id`,`kp_transaction_id`,`price`,`currency`,`timestamp`,`paid`,`valid_until`) VALUES (2, 2, 1,2, NULL, 2900, 0, '2020-02-15 09:17:36.402', 1, '2020-03-15 09:17:36.402');
INSERT INTO `membership_fee` (`id`,`product_id`, `magazine`,`payer_id`,`kp_transaction_id`,`price`,`currency`,`timestamp`,`paid`,`valid_until`) VALUES (3, 1, 0,2, NULL, 2900, 0, '2020-02-16 17:46:59.279', 1, '2020-03-16 17:46:59.279');
INSERT INTO `membership_fee` (`id`,`product_id`, `magazine`,`payer_id`,`kp_transaction_id`,`price`,`currency`,`timestamp`,`paid`,`valid_until`) VALUES (4, 2, 0,2, NULL, 2900, 0, '2020-02-17 12:34:48.182', 1, '2020-03-17 12:34:48.182');

INSERT INTO `plan` (`id`,`interval_unit`, `interval_count`, `price`) VALUES (1, 'MONTH', 12, 1500);
INSERT INTO `plan` (`id`,`interval_unit`, `interval_count`, `price`) VALUES (2, 'WEEK', 10, 1800);
INSERT INTO `plan` (`id`,`interval_unit`, `interval_count`, `price`) VALUES (3, 'YEAR', 2, 1100);
INSERT INTO `plan` (`id`,`interval_unit`, `interval_count`, `price`) VALUES (4, 'DAY', 25, 2100);
INSERT INTO `plan` (`id`,`interval_unit`, `interval_count`, `price`) VALUES (5, 'MONTH', 15, 1250);
INSERT INTO `plan` (`id`,`interval_unit`, `interval_count`, `price`) VALUES (6, 'WEEK', 13, 1650);
INSERT INTO `plan` (`id`,`interval_unit`, `interval_count`, `price`) VALUES (7, 'YEAR', 2, 1370);
INSERT INTO `plan` (`id`,`interval_unit`, `interval_count`, `price`) VALUES (8, 'DAY', 75, 2110);
INSERT INTO `plan` (`id`,`interval_unit`, `interval_count`, `price`) VALUES (9, 'MONTH', 18, 1590);
INSERT INTO `plan` (`id`,`interval_unit`, `interval_count`, `price`) VALUES (10, 'WEEK', 10, 1850);
INSERT INTO `plan` (`id`,`interval_unit`, `interval_count`, `price`) VALUES (11, 'YEAR', 7, 1130);
INSERT INTO `plan` (`id`,`interval_unit`, `interval_count`, `price`) VALUES (12, 'DAY', 45, 2130);

INSERT INTO `magazine_plans` (`magazine_id`,`plan_id`) VALUES (1,1);
INSERT INTO `magazine_plans` (`magazine_id`,`plan_id`) VALUES (1,2);
INSERT INTO `magazine_plans` (`magazine_id`,`plan_id`) VALUES (1,3);
INSERT INTO `magazine_plans` (`magazine_id`,`plan_id`) VALUES (1,4);
INSERT INTO `magazine_plans` (`magazine_id`,`plan_id`) VALUES (2,5);
INSERT INTO `magazine_plans` (`magazine_id`,`plan_id`) VALUES (2,6);
INSERT INTO `magazine_plans` (`magazine_id`,`plan_id`) VALUES (2,7);
INSERT INTO `magazine_plans` (`magazine_id`,`plan_id`) VALUES (2,8);
INSERT INTO `magazine_plans` (`magazine_id`,`plan_id`) VALUES (3,9);
INSERT INTO `magazine_plans` (`magazine_id`,`plan_id`) VALUES (3,10);
INSERT INTO `magazine_plans` (`magazine_id`,`plan_id`) VALUES (3,11);
INSERT INTO `magazine_plans` (`magazine_id`,`plan_id`) VALUES (3,12);
