
INSERT INTO `city` (`id`,`name`,`latitude`,`longitude`) VALUES (1,'Beograd',44.8186,20.4680);
INSERT INTO `city` (`id`,`name`,`latitude`,`longitude`) VALUES (2,'Niš',43.3304,21.9000);
INSERT INTO `city` (`id`,`name`,`latitude`,`longitude`) VALUES (3,'Novi Sad',45.2504,19.8499);
INSERT INTO `city` (`id`,`name`,`latitude`,`longitude`) VALUES (4,'Kragujevac',44.0200,20.9200);
INSERT INTO `city` (`id`,`name`,`latitude`,`longitude`) VALUES (5,'Čačak',43.8897,20.3301);
INSERT INTO `city` (`id`,`name`,`latitude`,`longitude`) VALUES (6,'Subotica',46.0700,19.6800);
INSERT INTO `city` (`id`,`name`,`latitude`,`longitude`) VALUES (7,'Zrenjanin',45.3786,20.3995);
INSERT INTO `city` (`id`,`name`,`latitude`,`longitude`) VALUES (8,'Kraljevo',43.7259,20.6896);
INSERT INTO `city` (`id`,`name`,`latitude`,`longitude`) VALUES (9,'Leskovac',42.9976,21.9445);
INSERT INTO `city` (`id`,`name`,`latitude`,`longitude`) VALUES (10,'Užice',43.8582,19.8441);
INSERT INTO `city` (`id`,`name`,`latitude`,`longitude`) VALUES (11,'Jagodina',43.9791,21.2583);
INSERT INTO `city` (`id`,`name`,`latitude`,`longitude`) VALUES (12,'Vranje',42.5560,21.9002);
INSERT INTO `city` (`id`,`name`,`latitude`,`longitude`) VALUES (13,'Valjevo',44.2720,19.8874);
INSERT INTO `city` (`id`,`name`,`latitude`,`longitude`) VALUES (14,'Šabac',44.7538,19.6876);
INSERT INTO `city` (`id`,`name`,`latitude`,`longitude`) VALUES (15,'Gornji Milanovac',44.0245,20.4586);
INSERT INTO `city` (`id`,`name`,`latitude`,`longitude`) VALUES (16,'Bajina Bašta',43.9709,19.5655);
INSERT INTO `city` (`id`,`name`,`latitude`,`longitude`) VALUES (17,'Požega',43.8459,20.0368);
INSERT INTO `city` (`id`,`name`,`latitude`,`longitude`) VALUES (18,'Lebane',42.9171,21.7294);
INSERT INTO `city` (`id`,`name`,`latitude`,`longitude`) VALUES (19,'Aleksinac',43.5417,21.7078);
INSERT INTO `city` (`id`,`name`,`latitude`,`longitude`) VALUES (20,'Vladičin Han',42.7082,22.0664);
INSERT INTO `city` (`id`,`name`,`latitude`,`longitude`) VALUES (21,'Knjaževac',43.5667,22.2539);
INSERT INTO `city` (`id`,`name`,`latitude`,`longitude`) VALUES (22,'Ljubovija',44.1896,19.3785);
INSERT INTO `city` (`id`,`name`,`latitude`,`longitude`) VALUES (23,'Smederevska Palanka',44.3654,20.9623);
INSERT INTO `city` (`id`,`name`,`latitude`,`longitude`) VALUES (24,'Mali Zvornik',44.3992,19.1214);
INSERT INTO `city` (`id`,`name`,`latitude`,`longitude`) VALUES (25,'Surdulica',42.6904,22.1704);
INSERT INTO `city` (`id`,`name`,`latitude`,`longitude`) VALUES (26,'Požarevac',44.6222,21.1826);
INSERT INTO `city` (`id`,`name`,`latitude`,`longitude`) VALUES (27,'Zaječar',43.9019,22.2755);
INSERT INTO `city` (`id`,`name`,`latitude`,`longitude`) VALUES (28,'Bor',44.0819,22.0967);
INSERT INTO `city` (`id`,`name`,`latitude`,`longitude`) VALUES (29,'Loznica',44.5312,19.2427);
INSERT INTO `city` (`id`,`name`,`latitude`,`longitude`) VALUES (30,'Paraćin',43.8592,21.4119);
INSERT INTO `city` (`id`,`name`,`latitude`,`longitude`) VALUES (31,'Lučani',43.8608,20.1384);
INSERT INTO `city` (`id`,`name`,`latitude`,`longitude`) VALUES (32,'Smederevo',44.6516,20.9258);
INSERT INTO `city` (`id`,`name`,`latitude`,`longitude`) VALUES (33,'Kruševac',43.5810,21.3352);
INSERT INTO `city` (`id`,`name`,`latitude`,`longitude`) VALUES (34,'Despotovac',44.0932,21.4440);
INSERT INTO `city` (`id`,`name`,`latitude`,`longitude`) VALUES (35,'Kladovo',44.6073,22.6155);
INSERT INTO `city` (`id`,`name`,`latitude`,`longitude`) VALUES (36,'Pančevo',44.8713,20.6443);
INSERT INTO `city` (`id`,`name`,`latitude`,`longitude`) VALUES (37,'Pirot',43.1617,22.5871);
INSERT INTO `city` (`id`,`name`,`latitude`,`longitude`) VALUES (38,'Vlasotince',42.9659,22.1272);
INSERT INTO `city` (`id`,`name`,`latitude`,`longitude`) VALUES (39,'Trstenik',43.6169,21.0025);
INSERT INTO `city` (`id`,`name`,`latitude`,`longitude`) VALUES (40,'Prokuplje',43.2383,21.5932);
INSERT INTO `city` (`id`,`name`,`latitude`,`longitude`) VALUES (41,'Batočina',44.1547,21.0799);
INSERT INTO `city` (`id`,`name`,`latitude`,`longitude`) VALUES (42,'Vrnjačka Banja',43.6223,20.8956);
INSERT INTO `city` (`id`,`name`,`latitude`,`longitude`) VALUES (43,'Dimitrovgrad',43.0155,22.7776);
INSERT INTO `city` (`id`,`name`,`latitude`,`longitude`) VALUES (44,'Sremski Karlovci',45.2021,19.9325);
INSERT INTO `city` (`id`,`name`,`latitude`,`longitude`) VALUES (45,'Doljevac',43.1968,21.8334);
INSERT INTO `city` (`id`,`name`,`latitude`,`longitude`) VALUES (46,'Kanjiža',46.0635,20.0504);
INSERT INTO `city` (`id`,`name`,`latitude`,`longitude`) VALUES (47,'Velika Plana',44.3323,21.0751);
INSERT INTO `city` (`id`,`name`,`latitude`,`longitude`) VALUES (48,'Svilajnac',44.2383,21.1970);
INSERT INTO `city` (`id`,`name`,`latitude`,`longitude`) VALUES (49,'Svrljig',43.4129,22.1252);
INSERT INTO `city` (`id`,`name`,`latitude`,`longitude`) VALUES (50,'Šid',45.1276,19.2267);
INSERT INTO `city` (`id`,`name`,`latitude`,`longitude`) VALUES (51,'Negotin',44.2264,22.5308);
INSERT INTO `city` (`id`,`name`,`latitude`,`longitude`) VALUES (52,'Bojnik',43.0142,21.7180);
INSERT INTO `city` (`id`,`name`,`latitude`,`longitude`) VALUES (53,'Vršac',45.1175,21.2983);
INSERT INTO `city` (`id`,`name`,`latitude`,`longitude`) VALUES (54,'Kikinda',45.8323,20.4682);
INSERT INTO `city` (`id`,`name`,`latitude`,`longitude`) VALUES (55,'Topola',44.2544,20.6824);
INSERT INTO `city` (`id`,`name`,`latitude`,`longitude`) VALUES (56,'Sokobanja',43.6453,21.8692);
INSERT INTO `city` (`id`,`name`,`latitude`,`longitude`) VALUES (57,'Bela Crkva',44.9015,21.4234);
INSERT INTO `city` (`id`,`name`,`latitude`,`longitude`) VALUES (58,'Senta',45.9273,20.0789);
INSERT INTO `city` (`id`,`name`,`latitude`,`longitude`) VALUES (59,'Bačka Palanka',45.2519,19.3916);
INSERT INTO `city` (`id`,`name`,`latitude`,`longitude`) VALUES (60,'Blace',43.2970,21.2727);
INSERT INTO `city` (`id`,`name`,`latitude`,`longitude`) VALUES (61,'Ada',45.8027,20.1285);
INSERT INTO `city` (`id`,`name`,`latitude`,`longitude`) VALUES (62,'Apatin',45.6709,18.9843);
INSERT INTO `city` (`id`,`name`,`latitude`,`longitude`) VALUES (63,'Novi Pazar',43.1375,20.5149);
INSERT INTO `city` (`id`,`name`,`latitude`,`longitude`) VALUES (64,'Sombor',45.7742,19.1151);
INSERT INTO `city` (`id`,`name`,`latitude`,`longitude`) VALUES (65,'Odžaci',45.5076,19.2606);
INSERT INTO `city` (`id`,`name`,`latitude`,`longitude`) VALUES (66,'Ćuprija',43.9284,21.3745);
INSERT INTO `city` (`id`,`name`,`latitude`,`longitude`) VALUES (67,'Arilje',43.7550,20.0970);
INSERT INTO `city` (`id`,`name`,`latitude`,`longitude`) VALUES (68,'Kovin',44.7482,20.9766);
INSERT INTO `city` (`id`,`name`,`latitude`,`longitude`) VALUES (69,'Boljevac',43.8321,21.9609);
INSERT INTO `city` (`id`,`name`,`latitude`,`longitude`) VALUES (70,'Kosjerić',43.9987,19.9079);
INSERT INTO `city` (`id`,`name`,`latitude`,`longitude`) VALUES (71,'Bačka Topola',45.8152,19.6369);
INSERT INTO `city` (`id`,`name`,`latitude`,`longitude`) VALUES (72,'Ćićevac',43.7200,21.4436);
INSERT INTO `city` (`id`,`name`,`latitude`,`longitude`) VALUES (73,'Plandište',45.2292,21.1238);
INSERT INTO `city` (`id`,`name`,`latitude`,`longitude`) VALUES (74,'Bogatić',44.8376,19.4807);
INSERT INTO `city` (`id`,`name`,`latitude`,`longitude`) VALUES (75,'Varvarin',43.7195,21.3712);
INSERT INTO `city` (`id`,`name`,`latitude`,`longitude`) VALUES (76,'Ražanj',43.6744,21.5492);
INSERT INTO `city` (`id`,`name`,`latitude`,`longitude`) VALUES (77,'Mionica',44.2524,20.0817);
INSERT INTO `city` (`id`,`name`,`latitude`,`longitude`) VALUES (78,'Aranđelovac',44.3077,20.5612);
INSERT INTO `city` (`id`,`name`,`latitude`,`longitude`) VALUES (79,'Kula',45.6109,19.5274);
INSERT INTO `city` (`id`,`name`,`latitude`,`longitude`) VALUES (80,'Novi Bečej',45.6015,20.1364);
INSERT INTO `city` (`id`,`name`,`latitude`,`longitude`) VALUES (81,'Bečej',45.6196,20.0400);
INSERT INTO `city` (`id`,`name`,`latitude`,`longitude`) VALUES (82,'Žitorađa',43.1902,21.7134);
INSERT INTO `city` (`id`,`name`,`latitude`,`longitude`) VALUES (83,'Titel',45.2060,20.2949);
INSERT INTO `city` (`id`,`name`,`latitude`,`longitude`) VALUES (84,'Merošina',43.2813,21.7218);
INSERT INTO `city` (`id`,`name`,`latitude`,`longitude`) VALUES (85,'Stara Pazova',44.9861,20.1597);
INSERT INTO `city` (`id`,`name`,`latitude`,`longitude`) VALUES (86,'Beočin',45.1916,19.7250);
INSERT INTO `city` (`id`,`name`,`latitude`,`longitude`) VALUES (87,'Bosilegrad',42.5005,22.4728);
INSERT INTO `city` (`id`,`name`,`latitude`,`longitude`) VALUES (88,'Knić',43.9270,20.7197);
INSERT INTO `city` (`id`,`name`,`latitude`,`longitude`) VALUES (89,'Sečanj',45.3676,20.7732);
INSERT INTO `city` (`id`,`name`,`latitude`,`longitude`) VALUES (90,'Bački Petrovac',45.3616,19.5920);
INSERT INTO `city` (`id`,`name`,`latitude`,`longitude`) VALUES (91,'Kovačica',45.1109,20.6236);
INSERT INTO `city` (`id`,`name`,`latitude`,`longitude`) VALUES (92,'Čoka',45.9415,20.1460);
INSERT INTO `city` (`id`,`name`,`latitude`,`longitude`) VALUES (93,'Žabalj',45.3741,20.0707);
INSERT INTO `city` (`id`,`name`,`latitude`,`longitude`) VALUES (94,'Medveđa',42.8420,21.5858);
INSERT INTO `city` (`id`,`name`,`latitude`,`longitude`) VALUES (95,'Vrbas',45.5704,19.6479);
INSERT INTO `city` (`id`,`name`,`latitude`,`longitude`) VALUES (96,'Žitište',45.4854,20.5507);
INSERT INTO `city` (`id`,`name`,`latitude`,`longitude`) VALUES (97,'Čajetina',43.7497,19.7150);
INSERT INTO `city` (`id`,`name`,`latitude`,`longitude`) VALUES (98,'Sremska Mitrovica',44.9764,19.6122);
INSERT INTO `city` (`id`,`name`,`latitude`,`longitude`) VALUES (99,'Ivanjica',43.5820,20.2284);
INSERT INTO `city` (`id`,`name`,`latitude`,`longitude`) VALUES (100,'Inđija',45.0482,20.0816);
INSERT INTO `city` (`id`,`name`,`latitude`,`longitude`) VALUES (101,'Žabari',44.3562,21.2143);
INSERT INTO `city` (`id`,`name`,`latitude`,`longitude`) VALUES (102,'Petrovac na Mlavi',44.3773,21.4198);
INSERT INTO `city` (`id`,`name`,`latitude`,`longitude`) VALUES (103,'Mali Iđoš',45.7092,19.6663);
INSERT INTO `city` (`id`,`name`,`latitude`,`longitude`) VALUES (104,'Ub',44.4572,20.0762);
INSERT INTO `city` (`id`,`name`,`latitude`,`longitude`) VALUES (105,'Rača',44.2268,20.9790);
INSERT INTO `city` (`id`,`name`,`latitude`,`longitude`) VALUES (106,'Srbobran',45.5481,19.7954);
INSERT INTO `city` (`id`,`name`,`latitude`,`longitude`) VALUES (107,'Ljig',44.2266,20.2394);
INSERT INTO `city` (`id`,`name`,`latitude`,`longitude`) VALUES (108,'Rekovac',43.8609,21.0958);
INSERT INTO `city` (`id`,`name`,`latitude`,`longitude`) VALUES (109,'Novi Kneževac',46.0410,20.0958);
INSERT INTO `city` (`id`,`name`,`latitude`,`longitude`) VALUES (110,'Lajkovac',44.3700,20.1644);
INSERT INTO `city` (`id`,`name`,`latitude`,`longitude`) VALUES (111,'Priboj',43.5836,19.5258);
INSERT INTO `city` (`id`,`name`,`latitude`,`longitude`) VALUES (112,'Aleksandrovac',43.4609,21.0539);
INSERT INTO `city` (`id`,`name`,`latitude`,`longitude`) VALUES (113,'Malo Crniće',44.5603,21.2906);
INSERT INTO `city` (`id`,`name`,`latitude`,`longitude`) VALUES (114,'Kuršumlija',43.1390,21.2735);
INSERT INTO `city` (`id`,`name`,`latitude`,`longitude`) VALUES (115,'Raška',43.2859,20.6135);
INSERT INTO `city` (`id`,`name`,`latitude`,`longitude`) VALUES (116,'Golubac',44.6529,21.6308);
INSERT INTO `city` (`id`,`name`,`latitude`,`longitude`) VALUES (117,'Pećinci',44.9089,19.9664);
INSERT INTO `city` (`id`,`name`,`latitude`,`longitude`) VALUES (118,'Nova Crnja',45.6685,20.6042);
INSERT INTO `city` (`id`,`name`,`latitude`,`longitude`) VALUES (119,'Bač',45.3923,19.2367);
INSERT INTO `city` (`id`,`name`,`latitude`,`longitude`) VALUES (120,'Irig',45.1001,19.8603);
INSERT INTO `city` (`id`,`name`,`latitude`,`longitude`) VALUES (121,'Majdanpek',44.4228,21.9358);
INSERT INTO `city` (`id`,`name`,`latitude`,`longitude`) VALUES (122,'Ruma',45.0079,19.8171);
INSERT INTO `city` (`id`,`name`,`latitude`,`longitude`) VALUES (123,'Alibunar',45.0789,20.9682);
INSERT INTO `city` (`id`,`name`,`latitude`,`longitude`) VALUES (124,'Vladimirci',44.6158,19.7843);
INSERT INTO `city` (`id`,`name`,`latitude`,`longitude`) VALUES (125,'Tutin',42.9900,20.3334);
INSERT INTO `city` (`id`,`name`,`latitude`,`longitude`) VALUES (126,'Babušnica',43.0680,22.4115);
INSERT INTO `city` (`id`,`name`,`latitude`,`longitude`) VALUES (127,'Brus',43.3846,21.0289);
INSERT INTO `city` (`id`,`name`,`latitude`,`longitude`) VALUES (128,'Osečina',44.3728,19.6010);
INSERT INTO `city` (`id`,`name`,`latitude`,`longitude`) VALUES (129,'Veliko Gradište',44.7638,21.5163);
INSERT INTO `city` (`id`,`name`,`latitude`,`longitude`) VALUES (130,'Kučevo',44.4767,21.6712);
INSERT INTO `city` (`id`,`name`,`latitude`,`longitude`) VALUES (131,'Koceljeva',44.4687,19.8214);
INSERT INTO `city` (`id`,`name`,`latitude`,`longitude`) VALUES (132,'Temerin',45.4095,19.8911);
INSERT INTO `city` (`id`,`name`,`latitude`,`longitude`) VALUES (133,'Gadžin Han',43.2223,22.0333);
INSERT INTO `city` (`id`,`name`,`latitude`,`longitude`) VALUES (134,'Lapovo',44.1877,21.0969);
INSERT INTO `city` (`id`,`name`,`latitude`,`longitude`) VALUES (135,'Opovo',45.0522,20.4313);
INSERT INTO `city` (`id`,`name`,`latitude`,`longitude`) VALUES (136,'Žagubica',44.1979,21.7902);
INSERT INTO `city` (`id`,`name`,`latitude`,`longitude`) VALUES (137,'Trgovište',42.3514,22.0921);
INSERT INTO `city` (`id`,`name`,`latitude`,`longitude`) VALUES (138,'Prijepolje',43.3903,19.6506);
INSERT INTO `city` (`id`,`name`,`latitude`,`longitude`) VALUES (139,'Sjenica',43.2735,20.0004);
INSERT INTO `city` (`id`,`name`,`latitude`,`longitude`) VALUES (140,'Nova Varoš',43.4600,19.8117);
INSERT INTO `city` (`id`,`name`,`latitude`,`longitude`) VALUES (141,'Bela Palanka',43.2196,22.3140);
INSERT INTO `city` (`id`,`name`,`latitude`,`longitude`) VALUES (142,'Crna Trava',42.8071,22.3247);
INSERT INTO `city` (`id`,`name`,`latitude`,`longitude`) VALUES (143,'Bujanovac',42.4606,21.7666);
INSERT INTO `city` (`id`,`name`,`latitude`,`longitude`) VALUES (144,'Preševo',42.3071,21.6500);
INSERT INTO `city` (`id`,`name`,`latitude`,`longitude`) VALUES (145,'Krupanj',44.3676,19.3633);

INSERT INTO `permission` (`id`, `name`) VALUES (1, 'SUBMIT_DOCUMENT');
INSERT INTO `permission` (`id`, `name`) VALUES (2, 'READ_DOCUMENT');

INSERT INTO `role` (`id`,`name`) VALUES (1, 'ADMINISTRATOR');
INSERT INTO `role` (`id`,`name`) VALUES (2, 'USER');
INSERT INTO `role` (`id`,`name`) VALUES (3, 'AUTHOR');
INSERT INTO `role` (`id`,`name`) VALUES (4, 'READER');
INSERT INTO `role` (`id`,`name`) VALUES (5, 'EDITOR');

INSERT INTO `role_permissions` (`role_id`, `permission_id`) VALUES (1, 1);
INSERT INTO `role_permissions` (`role_id`, `permission_id`) VALUES (2, 2);

INSERT INTO `scientific_area` (`id`,`name`) VALUES (1, 'aerodinamika');
INSERT INTO `scientific_area` (`id`,`name`) VALUES (2, 'aeronautika');
INSERT INTO `scientific_area` (`id`,`name`) VALUES (3, 'anatomija');
INSERT INTO `scientific_area` (`id`,`name`) VALUES (4, 'astronomija');
INSERT INTO `scientific_area` (`id`,`name`) VALUES (5, 'astrofizika');
INSERT INTO `scientific_area` (`id`,`name`) VALUES (6, 'bacteriology');
INSERT INTO `scientific_area` (`id`,`name`) VALUES (7, 'ballistics');
INSERT INTO `scientific_area` (`id`,`name`) VALUES (8, 'big science');
INSERT INTO `scientific_area` (`id`,`name`) VALUES (9, 'biochemistry');
INSERT INTO `scientific_area` (`id`,`name`) VALUES (10, 'biology');
INSERT INTO `scientific_area` (`id`,`name`) VALUES (11, 'biophysics');
INSERT INTO `scientific_area` (`id`,`name`) VALUES (12, 'bioscience');
INSERT INTO `scientific_area` (`id`,`name`) VALUES (13, 'botany');
INSERT INTO `scientific_area` (`id`,`name`) VALUES (14, 'chaos theory');
INSERT INTO `scientific_area` (`id`,`name`) VALUES (15, 'chemistry');
INSERT INTO `scientific_area` (`id`,`name`) VALUES (16, 'chronology');
INSERT INTO `scientific_area` (`id`,`name`) VALUES (17, 'climatology');
INSERT INTO `scientific_area` (`id`,`name`) VALUES (18, 'computational linguistics');
INSERT INTO `scientific_area` (`id`,`name`) VALUES (19, 'computer science');
INSERT INTO `scientific_area` (`id`,`name`) VALUES (20, 'criminology');
INSERT INTO `scientific_area` (`id`,`name`) VALUES (21, 'cryogenics');
INSERT INTO `scientific_area` (`id`,`name`) VALUES (22, 'dermatology');
INSERT INTO `scientific_area` (`id`,`name`) VALUES (23, 'dynamics');
INSERT INTO `scientific_area` (`id`,`name`) VALUES (24, 'ecology');
INSERT INTO `scientific_area` (`id`,`name`) VALUES (25, 'electronics');
INSERT INTO `scientific_area` (`id`,`name`) VALUES (26, 'entomology');
INSERT INTO `scientific_area` (`id`,`name`) VALUES (27, 'geology');
INSERT INTO `scientific_area` (`id`,`name`) VALUES (28, 'geophysics');
INSERT INTO `scientific_area` (`id`,`name`) VALUES (29, 'graphology');
INSERT INTO `scientific_area` (`id`,`name`) VALUES (30, 'Informatics');
INSERT INTO `scientific_area` (`id`,`name`) VALUES (31, 'information technology');
INSERT INTO `scientific_area` (`id`,`name`) VALUES (32, 'information theory');
INSERT INTO `scientific_area` (`id`,`name`) VALUES (33, 'inorganic chemistry');
INSERT INTO `scientific_area` (`id`,`name`) VALUES (34, 'kinetics');
INSERT INTO `scientific_area` (`id`,`name`) VALUES (35, 'mechanical engineering');
INSERT INTO `scientific_area` (`id`,`name`) VALUES (36, 'metallurgy');
INSERT INTO `scientific_area` (`id`,`name`) VALUES (37, 'meteorology');
INSERT INTO `scientific_area` (`id`,`name`) VALUES (38, 'microbiology');
INSERT INTO `scientific_area` (`id`,`name`) VALUES (39, 'microelectronics');
INSERT INTO `scientific_area` (`id`,`name`) VALUES (40, 'mycology');
INSERT INTO `scientific_area` (`id`,`name`) VALUES (41, 'nuclear physics');
INSERT INTO `scientific_area` (`id`,`name`) VALUES (42, 'oceanography');
INSERT INTO `scientific_area` (`id`,`name`) VALUES (43, 'optics');
INSERT INTO `scientific_area` (`id`,`name`) VALUES (44, 'organic chemistry');
INSERT INTO `scientific_area` (`id`,`name`) VALUES (45, 'ornithology');
INSERT INTO `scientific_area` (`id`,`name`) VALUES (46, 'petrology');
INSERT INTO `scientific_area` (`id`,`name`) VALUES (47, 'philology');
INSERT INTO `scientific_area` (`id`,`name`) VALUES (48, 'physical geography');
INSERT INTO `scientific_area` (`id`,`name`) VALUES (49, 'physiology');
INSERT INTO `scientific_area` (`id`,`name`) VALUES (50, 'plate tectonics');
INSERT INTO `scientific_area` (`id`,`name`) VALUES (51, 'psycholinguistics');
INSERT INTO `scientific_area` (`id`,`name`) VALUES (52, 'quantum mechanics');
INSERT INTO `scientific_area` (`id`,`name`) VALUES (53, 'robotics');
INSERT INTO `scientific_area` (`id`,`name`) VALUES (54, 'seismology');
INSERT INTO `scientific_area` (`id`,`name`) VALUES (55, 'sexology');
INSERT INTO `scientific_area` (`id`,`name`) VALUES (56, 'statistics');
INSERT INTO `scientific_area` (`id`,`name`) VALUES (57, 'STEM');
INSERT INTO `scientific_area` (`id`,`name`) VALUES (58, 'telecommunications');
INSERT INTO `scientific_area` (`id`,`name`) VALUES (59, 'thermodynamics');
INSERT INTO `scientific_area` (`id`,`name`) VALUES (60, 'toxicology');
INSERT INTO `scientific_area` (`id`,`name`) VALUES (61, 'zoology');

INSERT INTO `user_data` (`id`,`camunda_user_id`,`city_id`,`country`,`reviewer`,`user_status`) VALUES (1,'admin',1,'Spanija',1,0);
INSERT INTO `user_data` (`id`,`camunda_user_id`,`city_id`,`country`,`reviewer`,`user_status`) VALUES (2,'pera',6,'Srbija',1,0);
INSERT INTO `user_data` (`id`,`camunda_user_id`,`city_id`,`country`,`reviewer`,`user_status`) VALUES (3,'zika',1,'Srbija',1,0);
INSERT INTO `user_data` (`id`,`camunda_user_id`,`city_id`,`country`,`reviewer`,`user_status`) VALUES (4,'mika',2,'Republika Srpska',1,0);
INSERT INTO `user_data` (`id`,`camunda_user_id`,`city_id`,`country`,`reviewer`,`user_status`) VALUES (5,'editor',41,'Srbija',0,0);
INSERT INTO `user_data` (`id`,`camunda_user_id`,`city_id`,`country`,`reviewer`,`user_status`) VALUES (6,'editor1',51,'Grcka',0,0);
INSERT INTO `user_data` (`id`,`camunda_user_id`,`city_id`,`country`,`reviewer`,`user_status`) VALUES (7,'editor2',61,'Francuska',0,0);
INSERT INTO `user_data` (`id`,`camunda_user_id`,`city_id`,`country`,`reviewer`,`user_status`) VALUES (8,'editor3',71,'Italija',0,0);
INSERT INTO `user_data` (`id`,`camunda_user_id`,`city_id`,`country`,`reviewer`,`user_status`) VALUES (9,'editor4',81,'Austrija',0,0);
INSERT INTO `user_data` (`id`,`camunda_user_id`,`city_id`,`country`,`reviewer`,`user_status`) VALUES (10,'editor5',91,'Nemacka',0,0);
INSERT INTO `user_data` (`id`,`camunda_user_id`,`city_id`,`country`,`reviewer`,`user_status`) VALUES (11,'editor6',101,'Poljska',0,0);

INSERT INTO `user_roles` (`user_id`,`role_id`) VALUES (1,1);
INSERT INTO `user_roles` (`user_id`,`role_id`) VALUES (2,2);
INSERT INTO `user_roles` (`user_id`,`role_id`) VALUES (3,2);
INSERT INTO `user_roles` (`user_id`,`role_id`) VALUES (4,2);
INSERT INTO `user_roles` (`user_id`,`role_id`) VALUES (5,2);
INSERT INTO `user_roles` (`user_id`,`role_id`) VALUES (6,2);
INSERT INTO `user_roles` (`user_id`,`role_id`) VALUES (7,2);
INSERT INTO `user_roles` (`user_id`,`role_id`) VALUES (8,2);
INSERT INTO `user_roles` (`user_id`,`role_id`) VALUES (9,2);
INSERT INTO `user_roles` (`user_id`,`role_id`) VALUES (10,2);
INSERT INTO `user_roles` (`user_id`,`role_id`) VALUES (11,2);
INSERT INTO `user_roles` (`user_id`,`role_id`) VALUES (2,4);
INSERT INTO `user_roles` (`user_id`,`role_id`) VALUES (3,4);
INSERT INTO `user_roles` (`user_id`,`role_id`) VALUES (4,4);
INSERT INTO `user_roles` (`user_id`,`role_id`) VALUES (5,5);
INSERT INTO `user_roles` (`user_id`,`role_id`) VALUES (6,5);
INSERT INTO `user_roles` (`user_id`,`role_id`) VALUES (7,5);
INSERT INTO `user_roles` (`user_id`,`role_id`) VALUES (8,5);
INSERT INTO `user_roles` (`user_id`,`role_id`) VALUES (9,5);
INSERT INTO `user_roles` (`user_id`,`role_id`) VALUES (10,5);
INSERT INTO `user_roles` (`user_id`,`role_id`) VALUES (11,5);

INSERT INTO `user_scientific_areas` (`user_id`,`scientific_area_id`) VALUES (1,1);
INSERT INTO `user_scientific_areas` (`user_id`,`scientific_area_id`) VALUES (1,2);
INSERT INTO `user_scientific_areas` (`user_id`,`scientific_area_id`) VALUES (1,3);
INSERT INTO `user_scientific_areas` (`user_id`,`scientific_area_id`) VALUES (1,4);
INSERT INTO `user_scientific_areas` (`user_id`,`scientific_area_id`) VALUES (1,5);
INSERT INTO `user_scientific_areas` (`user_id`,`scientific_area_id`) VALUES (2,1);
INSERT INTO `user_scientific_areas` (`user_id`,`scientific_area_id`) VALUES (2,2);
INSERT INTO `user_scientific_areas` (`user_id`,`scientific_area_id`) VALUES (2,3);
INSERT INTO `user_scientific_areas` (`user_id`,`scientific_area_id`) VALUES (2,4);
INSERT INTO `user_scientific_areas` (`user_id`,`scientific_area_id`) VALUES (2,5);
INSERT INTO `user_scientific_areas` (`user_id`,`scientific_area_id`) VALUES (3,1);
INSERT INTO `user_scientific_areas` (`user_id`,`scientific_area_id`) VALUES (3,2);
INSERT INTO `user_scientific_areas` (`user_id`,`scientific_area_id`) VALUES (3,3);
INSERT INTO `user_scientific_areas` (`user_id`,`scientific_area_id`) VALUES (3,4);
INSERT INTO `user_scientific_areas` (`user_id`,`scientific_area_id`) VALUES (3,5);
INSERT INTO `user_scientific_areas` (`user_id`,`scientific_area_id`) VALUES (4,1);
INSERT INTO `user_scientific_areas` (`user_id`,`scientific_area_id`) VALUES (4,2);
INSERT INTO `user_scientific_areas` (`user_id`,`scientific_area_id`) VALUES (4,3);
INSERT INTO `user_scientific_areas` (`user_id`,`scientific_area_id`) VALUES (4,4);
INSERT INTO `user_scientific_areas` (`user_id`,`scientific_area_id`) VALUES (4,5);
INSERT INTO `user_scientific_areas` (`user_id`,`scientific_area_id`) VALUES (5,1);
INSERT INTO `user_scientific_areas` (`user_id`,`scientific_area_id`) VALUES (5,2);
INSERT INTO `user_scientific_areas` (`user_id`,`scientific_area_id`) VALUES (5,3);
INSERT INTO `user_scientific_areas` (`user_id`,`scientific_area_id`) VALUES (5,4);
INSERT INTO `user_scientific_areas` (`user_id`,`scientific_area_id`) VALUES (5,5);
INSERT INTO `user_scientific_areas` (`user_id`,`scientific_area_id`) VALUES (6,1);
INSERT INTO `user_scientific_areas` (`user_id`,`scientific_area_id`) VALUES (6,2);
INSERT INTO `user_scientific_areas` (`user_id`,`scientific_area_id`) VALUES (6,3);
INSERT INTO `user_scientific_areas` (`user_id`,`scientific_area_id`) VALUES (6,4);
INSERT INTO `user_scientific_areas` (`user_id`,`scientific_area_id`) VALUES (6,5);
INSERT INTO `user_scientific_areas` (`user_id`,`scientific_area_id`) VALUES (7,1);
INSERT INTO `user_scientific_areas` (`user_id`,`scientific_area_id`) VALUES (7,2);
INSERT INTO `user_scientific_areas` (`user_id`,`scientific_area_id`) VALUES (7,3);
INSERT INTO `user_scientific_areas` (`user_id`,`scientific_area_id`) VALUES (7,4);
INSERT INTO `user_scientific_areas` (`user_id`,`scientific_area_id`) VALUES (7,5);


INSERT INTO `magazine` (`id`,`name`,`issn`,`username`,`password`,`merchant_id`,`currency`,`main_editor_id`,`payer_type`,`magazine_status`) VALUES (1, 'Magazine1','issn1','magazine1', 'magazine1', NULL, 0, 5, 0, 0);
INSERT INTO `magazine` (`id`,`name`,`issn`,`username`,`password`,`merchant_id`,`currency`,`main_editor_id`,`payer_type`,`magazine_status`) VALUES (2, 'Magazine2','issn2','magazine2', 'magazine2', NULL, 0, 6, 0, 0);
INSERT INTO `magazine` (`id`,`name`,`issn`,`username`,`password`,`merchant_id`,`currency`,`main_editor_id`,`payer_type`,`magazine_status`) VALUES (3, 'Magazine3','issn3','magazine3', 'magazine3', NULL, 0, 7, 0, 0);
INSERT INTO `magazine` (`id`,`name`,`issn`,`username`,`password`,`merchant_id`,`currency`,`main_editor_id`,`payer_type`,`magazine_status`) VALUES (4, 'Magazine4','issn4','magazine4', 'magazine4', NULL, 0, 5, 0, 0);
INSERT INTO `magazine` (`id`,`name`,`issn`,`username`,`password`,`merchant_id`,`currency`,`main_editor_id`,`payer_type`,`magazine_status`) VALUES (5, 'Magazine5','issn5','magazine5', 'magazine5', NULL, 0, 6, 0, 0);
INSERT INTO `magazine` (`id`,`name`,`issn`,`username`,`password`,`merchant_id`,`currency`,`main_editor_id`,`payer_type`,`magazine_status`) VALUES (6, 'Magazine6','issn6','magazine6', 'magazine6', NULL, 0, 7, 0, 0);
INSERT INTO `magazine` (`id`,`name`,`issn`,`username`,`password`,`merchant_id`,`currency`,`main_editor_id`,`payer_type`,`magazine_status`) VALUES (7, 'Magazine7','issn7','magazine7', 'magazine7', NULL, 0, 5, 0, 0);
INSERT INTO `magazine` (`id`,`name`,`issn`,`username`,`password`,`merchant_id`,`currency`,`main_editor_id`,`payer_type`,`magazine_status`) VALUES (8, 'Magazine8','issn8','magazine8', 'magazine8', NULL, 0, 6, 0, 0);
INSERT INTO `magazine` (`id`,`name`,`issn`,`username`,`password`,`merchant_id`,`currency`,`main_editor_id`,`payer_type`,`magazine_status`) VALUES (9, 'Magazine9','issn9','magazine9', 'magazine9', NULL, 0, 7, 0, 0);

INSERT INTO `scientific_paper` (`id`,`title`,`keywords`,`abstract`,`relative_path_to_file`,`scientific_area_id`,`author_id`,`magazine_name`,`status`) VALUES (1, 'Koridor 10 do kraja 2010','keyword1,keyword2,keyword3','abstract1', '\aerodinamika\Koridor 10 do kraja 2010.pdf', 1, 3, 'Magazine1', 1);
INSERT INTO `scientific_paper` (`id`,`title`,`keywords`,`abstract`,`relative_path_to_file`,`scientific_area_id`,`author_id`,`magazine_name`,`status`) VALUES (2, 'Pandemija gripa?','keyword4,keyword2,keyword5','abstract2', '\anatomija\Pandemija gripa.pdf', 5, 4, 'Magazine2', 1);
INSERT INTO `scientific_paper` (`id`,`title`,`keywords`,`abstract`,`relative_path_to_file`,`scientific_area_id`,`author_id`,`magazine_name`,`status`) VALUES (3, 'Vakcina H1N1','keyword7,keyword6,keyword4','abstract3', '\astronomija\Vakcina H1N1.pdf', 4, 2, 'Magazine3', 1);
INSERT INTO `scientific_paper` (`id`,`title`,`keywords`,`abstract`,`relative_path_to_file`,`scientific_area_id`,`author_id`,`magazine_name`,`status`) VALUES (4, 'Otvorene dve deonicekoridora 10','keyword2,keyword7,keyword8','abstract4', '\aeronautika\Otvorene dve deonicekoridora 10.pdf', 2, 4, 'Magazine1', 1);
INSERT INTO `scientific_paper` (`id`,`title`,`keywords`,`abstract`,`relative_path_to_file`,`scientific_area_id`,`author_id`,`magazine_name`,`status`) VALUES (5, 'Prve vakcine danas u Srbiji','keyword1,keyword3,keyword1','abstract5', '\astrofizika\Prve vakcine danas u Srbiji.pdf', 5, 2, 'Magazine2', 1);
--INSERT INTO `scientific_paper` (`id`,`title`,`keywords`,`abstract`,`relative_path_to_file`,`scientific_area_id`,`author_id`,`magazine_name`,`status`) VALUES (6, 'Segmentna anatomija jetre na ultrazvuku','keyword10,keyword3,keyword3','abstract6', '\anatomija\segmentna_anatomija_jetre_na_ultrazvuku.pdf', 3, 3, 'Magazine4', 1);
--INSERT INTO `scientific_paper` (`id`,`title`,`keywords`,`abstract`,`relative_path_to_file`,`scientific_area_id`,`author_id`,`magazine_name`,`status`) VALUES (7, 'TOPOGRAFSKA ANATOMIJA GLAVE I VRATA MACKE','keyword4,keyword5,keyword3','abstract7', '\aeronautika\TOPOGRAFSKA_ANATOMIJA_GLAVE_I_VRATA_MACKE.pdf', 4, 3, 'Magazine3', 1);
--INSERT INTO `scientific_paper` (`id`,`title`,`keywords`,`abstract`,`relative_path_to_file`,`scientific_area_id`,`author_id`,`magazine_name`,`status`) VALUES (8, 'FAKULTETZA CIVILNO VAZDUHOPLOVSTVO','keyword11,keyword12,keyword8','abstract8', '\anatomija\FAKULTET_ZA_CIVILNO_VAZDUHOPLOVSTVO.pdf', 3, 4, 'Magazine5', 1);
--INSERT INTO `scientific_paper` (`id`,`title`,`keywords`,`abstract`,`relative_path_to_file`,`scientific_area_id`,`author_id`,`magazine_name`,`status`) VALUES (9, 'Anatomija i fiziologija koze','keyword6,keyword5,keyword2','abstract9', '\anatomija\Anatomija_i_fiziologija_koze.pdf', 3, 2, 'Magazine6', 1);

INSERT INTO `magazine_scientific_papers` (`magazine_id`,`scientific_paper_id`) VALUES (1,1);
INSERT INTO `magazine_scientific_papers` (`magazine_id`,`scientific_paper_id`) VALUES (1,2);
INSERT INTO `magazine_scientific_papers` (`magazine_id`,`scientific_paper_id`) VALUES (1,3);
INSERT INTO `magazine_scientific_papers` (`magazine_id`,`scientific_paper_id`) VALUES (2,4);
INSERT INTO `magazine_scientific_papers` (`magazine_id`,`scientific_paper_id`) VALUES (2,5);
--INSERT INTO `magazine_scientific_papers` (`magazine_id`,`scientific_paper_id`) VALUES (2,6);
--INSERT INTO `magazine_scientific_papers` (`magazine_id`,`scientific_paper_id`) VALUES (3,7);
--INSERT INTO `magazine_scientific_papers` (`magazine_id`,`scientific_paper_id`) VALUES (3,8);
--INSERT INTO `magazine_scientific_papers` (`magazine_id`,`scientific_paper_id`) VALUES (3,9);

INSERT INTO `scientific_paper_reviewers` (`scientific_paper_id`,`reviewer_id`) VALUES (1,2);
INSERT INTO `scientific_paper_reviewers` (`scientific_paper_id`,`reviewer_id`) VALUES (1,4);
INSERT INTO `scientific_paper_reviewers` (`scientific_paper_id`,`reviewer_id`) VALUES (2,2);
INSERT INTO `scientific_paper_reviewers` (`scientific_paper_id`,`reviewer_id`) VALUES (2,3);
INSERT INTO `scientific_paper_reviewers` (`scientific_paper_id`,`reviewer_id`) VALUES (3,2);
INSERT INTO `scientific_paper_reviewers` (`scientific_paper_id`,`reviewer_id`) VALUES (3,4);
INSERT INTO `scientific_paper_reviewers` (`scientific_paper_id`,`reviewer_id`) VALUES (4,2);
INSERT INTO `scientific_paper_reviewers` (`scientific_paper_id`,`reviewer_id`) VALUES (4,3);
INSERT INTO `scientific_paper_reviewers` (`scientific_paper_id`,`reviewer_id`) VALUES (5,2);
INSERT INTO `scientific_paper_reviewers` (`scientific_paper_id`,`reviewer_id`) VALUES (5,4);

INSERT INTO `magazine_scientific_areas` (`magazine_id`,`scientific_area_id`) VALUES (1,1);
INSERT INTO `magazine_scientific_areas` (`magazine_id`,`scientific_area_id`) VALUES (1,2);
INSERT INTO `magazine_scientific_areas` (`magazine_id`,`scientific_area_id`) VALUES (1,3);
INSERT INTO `magazine_scientific_areas` (`magazine_id`,`scientific_area_id`) VALUES (1,4);
INSERT INTO `magazine_scientific_areas` (`magazine_id`,`scientific_area_id`) VALUES (1,5);
INSERT INTO `magazine_scientific_areas` (`magazine_id`,`scientific_area_id`) VALUES (2,6);
INSERT INTO `magazine_scientific_areas` (`magazine_id`,`scientific_area_id`) VALUES (2,7);
INSERT INTO `magazine_scientific_areas` (`magazine_id`,`scientific_area_id`) VALUES (2,8);
INSERT INTO `magazine_scientific_areas` (`magazine_id`,`scientific_area_id`) VALUES (2,9);
INSERT INTO `magazine_scientific_areas` (`magazine_id`,`scientific_area_id`) VALUES (2,10);
INSERT INTO `magazine_scientific_areas` (`magazine_id`,`scientific_area_id`) VALUES (3,11);
INSERT INTO `magazine_scientific_areas` (`magazine_id`,`scientific_area_id`) VALUES (3,12);
INSERT INTO `magazine_scientific_areas` (`magazine_id`,`scientific_area_id`) VALUES (3,13);
INSERT INTO `magazine_scientific_areas` (`magazine_id`,`scientific_area_id`) VALUES (3,14);
INSERT INTO `magazine_scientific_areas` (`magazine_id`,`scientific_area_id`) VALUES (3,15);
INSERT INTO `magazine_scientific_areas` (`magazine_id`,`scientific_area_id`) VALUES (4,1);
INSERT INTO `magazine_scientific_areas` (`magazine_id`,`scientific_area_id`) VALUES (4,2);
INSERT INTO `magazine_scientific_areas` (`magazine_id`,`scientific_area_id`) VALUES (4,3);
INSERT INTO `magazine_scientific_areas` (`magazine_id`,`scientific_area_id`) VALUES (4,4);
INSERT INTO `magazine_scientific_areas` (`magazine_id`,`scientific_area_id`) VALUES (4,5);
INSERT INTO `magazine_scientific_areas` (`magazine_id`,`scientific_area_id`) VALUES (5,6);
INSERT INTO `magazine_scientific_areas` (`magazine_id`,`scientific_area_id`) VALUES (5,7);
INSERT INTO `magazine_scientific_areas` (`magazine_id`,`scientific_area_id`) VALUES (5,8);
INSERT INTO `magazine_scientific_areas` (`magazine_id`,`scientific_area_id`) VALUES (5,9);
INSERT INTO `magazine_scientific_areas` (`magazine_id`,`scientific_area_id`) VALUES (5,10);
INSERT INTO `magazine_scientific_areas` (`magazine_id`,`scientific_area_id`) VALUES (6,11);
INSERT INTO `magazine_scientific_areas` (`magazine_id`,`scientific_area_id`) VALUES (6,12);
INSERT INTO `magazine_scientific_areas` (`magazine_id`,`scientific_area_id`) VALUES (6,13);
INSERT INTO `magazine_scientific_areas` (`magazine_id`,`scientific_area_id`) VALUES (6,14);
INSERT INTO `magazine_scientific_areas` (`magazine_id`,`scientific_area_id`) VALUES (6,15);
INSERT INTO `magazine_scientific_areas` (`magazine_id`,`scientific_area_id`) VALUES (7,1);
INSERT INTO `magazine_scientific_areas` (`magazine_id`,`scientific_area_id`) VALUES (7,2);
INSERT INTO `magazine_scientific_areas` (`magazine_id`,`scientific_area_id`) VALUES (7,3);
INSERT INTO `magazine_scientific_areas` (`magazine_id`,`scientific_area_id`) VALUES (7,4);
INSERT INTO `magazine_scientific_areas` (`magazine_id`,`scientific_area_id`) VALUES (7,5);
INSERT INTO `magazine_scientific_areas` (`magazine_id`,`scientific_area_id`) VALUES (8,6);
INSERT INTO `magazine_scientific_areas` (`magazine_id`,`scientific_area_id`) VALUES (8,7);
INSERT INTO `magazine_scientific_areas` (`magazine_id`,`scientific_area_id`) VALUES (8,8);
INSERT INTO `magazine_scientific_areas` (`magazine_id`,`scientific_area_id`) VALUES (8,9);
INSERT INTO `magazine_scientific_areas` (`magazine_id`,`scientific_area_id`) VALUES (8,10);
INSERT INTO `magazine_scientific_areas` (`magazine_id`,`scientific_area_id`) VALUES (9,11);
INSERT INTO `magazine_scientific_areas` (`magazine_id`,`scientific_area_id`) VALUES (9,12);
INSERT INTO `magazine_scientific_areas` (`magazine_id`,`scientific_area_id`) VALUES (9,13);
INSERT INTO `magazine_scientific_areas` (`magazine_id`,`scientific_area_id`) VALUES (9,14);
INSERT INTO `magazine_scientific_areas` (`magazine_id`,`scientific_area_id`) VALUES (9,15);

INSERT INTO `magazine_editors` (`magazine_id`,`editor_id`) VALUES (1,6);
INSERT INTO `magazine_editors` (`magazine_id`,`editor_id`) VALUES (1,7);
INSERT INTO `magazine_editors` (`magazine_id`,`editor_id`) VALUES (1,11);
INSERT INTO `magazine_editors` (`magazine_id`,`editor_id`) VALUES (2,8);
INSERT INTO `magazine_editors` (`magazine_id`,`editor_id`) VALUES (2,9);
INSERT INTO `magazine_editors` (`magazine_id`,`editor_id`) VALUES (2,10);
INSERT INTO `magazine_editors` (`magazine_id`,`editor_id`) VALUES (3,10);
INSERT INTO `magazine_editors` (`magazine_id`,`editor_id`) VALUES (3,6);
INSERT INTO `magazine_editors` (`magazine_id`,`editor_id`) VALUES (3,7);
INSERT INTO `magazine_editors` (`magazine_id`,`editor_id`) VALUES (4,6);
INSERT INTO `magazine_editors` (`magazine_id`,`editor_id`) VALUES (4,7);
INSERT INTO `magazine_editors` (`magazine_id`,`editor_id`) VALUES (4,11);
INSERT INTO `magazine_editors` (`magazine_id`,`editor_id`) VALUES (5,8);
INSERT INTO `magazine_editors` (`magazine_id`,`editor_id`) VALUES (5,9);
INSERT INTO `magazine_editors` (`magazine_id`,`editor_id`) VALUES (5,10);
INSERT INTO `magazine_editors` (`magazine_id`,`editor_id`) VALUES (6,10);
INSERT INTO `magazine_editors` (`magazine_id`,`editor_id`) VALUES (6,6);
INSERT INTO `magazine_editors` (`magazine_id`,`editor_id`) VALUES (6,7);
INSERT INTO `magazine_editors` (`magazine_id`,`editor_id`) VALUES (7,6);
INSERT INTO `magazine_editors` (`magazine_id`,`editor_id`) VALUES (7,7);
INSERT INTO `magazine_editors` (`magazine_id`,`editor_id`) VALUES (7,11);
INSERT INTO `magazine_editors` (`magazine_id`,`editor_id`) VALUES (8,8);
INSERT INTO `magazine_editors` (`magazine_id`,`editor_id`) VALUES (8,9);
INSERT INTO `magazine_editors` (`magazine_id`,`editor_id`) VALUES (8,10);
INSERT INTO `magazine_editors` (`magazine_id`,`editor_id`) VALUES (9,10);
INSERT INTO `magazine_editors` (`magazine_id`,`editor_id`) VALUES (9,6);
INSERT INTO `magazine_editors` (`magazine_id`,`editor_id`) VALUES (9,7);

INSERT INTO `magazine_reviewers` (`magazine_id`,`reviewer_id`) VALUES (1,2);
INSERT INTO `magazine_reviewers` (`magazine_id`,`reviewer_id`) VALUES (1,3);
INSERT INTO `magazine_reviewers` (`magazine_id`,`reviewer_id`) VALUES (1,4);
INSERT INTO `magazine_reviewers` (`magazine_id`,`reviewer_id`) VALUES (2,2);
INSERT INTO `magazine_reviewers` (`magazine_id`,`reviewer_id`) VALUES (2,3);
INSERT INTO `magazine_reviewers` (`magazine_id`,`reviewer_id`) VALUES (2,4);
INSERT INTO `magazine_reviewers` (`magazine_id`,`reviewer_id`) VALUES (3,2);
INSERT INTO `magazine_reviewers` (`magazine_id`,`reviewer_id`) VALUES (3,3);
INSERT INTO `magazine_reviewers` (`magazine_id`,`reviewer_id`) VALUES (3,4);
INSERT INTO `magazine_reviewers` (`magazine_id`,`reviewer_id`) VALUES (4,2);
INSERT INTO `magazine_reviewers` (`magazine_id`,`reviewer_id`) VALUES (4,3);
INSERT INTO `magazine_reviewers` (`magazine_id`,`reviewer_id`) VALUES (4,4);
INSERT INTO `magazine_reviewers` (`magazine_id`,`reviewer_id`) VALUES (5,2);
INSERT INTO `magazine_reviewers` (`magazine_id`,`reviewer_id`) VALUES (5,3);
INSERT INTO `magazine_reviewers` (`magazine_id`,`reviewer_id`) VALUES (5,4);
INSERT INTO `magazine_reviewers` (`magazine_id`,`reviewer_id`) VALUES (6,2);
INSERT INTO `magazine_reviewers` (`magazine_id`,`reviewer_id`) VALUES (6,3);
INSERT INTO `magazine_reviewers` (`magazine_id`,`reviewer_id`) VALUES (6,4);
INSERT INTO `magazine_reviewers` (`magazine_id`,`reviewer_id`) VALUES (7,2);
INSERT INTO `magazine_reviewers` (`magazine_id`,`reviewer_id`) VALUES (7,3);
INSERT INTO `magazine_reviewers` (`magazine_id`,`reviewer_id`) VALUES (7,4);
INSERT INTO `magazine_reviewers` (`magazine_id`,`reviewer_id`) VALUES (8,2);
INSERT INTO `magazine_reviewers` (`magazine_id`,`reviewer_id`) VALUES (8,3);
INSERT INTO `magazine_reviewers` (`magazine_id`,`reviewer_id`) VALUES (8,4);
INSERT INTO `magazine_reviewers` (`magazine_id`,`reviewer_id`) VALUES (9,2);
INSERT INTO `magazine_reviewers` (`magazine_id`,`reviewer_id`) VALUES (9,3);
INSERT INTO `magazine_reviewers` (`magazine_id`,`reviewer_id`) VALUES (9,4);

INSERT INTO `membership_fee` (`id`,`product_id`, `magazine`,`payer_id`,`kp_transaction_id`,`price`,`currency`,`timestamp`,`paid`,`valid_until`) VALUES (1, 1, 1,2, NULL, 2900, 0, '2020-02-09 02:54:14.332', 1, '2020-03-10 02:54:14.332');
INSERT INTO `membership_fee` (`id`,`product_id`, `magazine`,`payer_id`,`kp_transaction_id`,`price`,`currency`,`timestamp`,`paid`,`valid_until`) VALUES (2, 2, 1,2, NULL, 2900, 0, '2020-02-15 09:17:36.402', 1, '2020-03-15 09:17:36.402');
INSERT INTO `membership_fee` (`id`,`product_id`, `magazine`,`payer_id`,`kp_transaction_id`,`price`,`currency`,`timestamp`,`paid`,`valid_until`) VALUES (3, 1, 0,2, NULL, 2900, 0, '2020-02-16 17:46:59.279', 1, '2020-03-16 17:46:59.279');
INSERT INTO `membership_fee` (`id`,`product_id`, `magazine`,`payer_id`,`kp_transaction_id`,`price`,`currency`,`timestamp`,`paid`,`valid_until`) VALUES (4, 2, 0,2, NULL, 2900, 0, '2020-02-17 12:34:48.182', 1, '2020-03-17 12:34:48.182');

INSERT INTO `plan` (`id`,`interval_unit`, `interval_count`, `price`) VALUES (1, 'MONTH', 12, 1500);
INSERT INTO `plan` (`id`,`interval_unit`, `interval_count`, `price`) VALUES (2, 'WEEK', 10, 1800);
INSERT INTO `plan` (`id`,`interval_unit`, `interval_count`, `price`) VALUES (3, 'YEAR', 2, 1100);
INSERT INTO `plan` (`id`,`interval_unit`, `interval_count`, `price`) VALUES (4, 'DAY', 25, 2100);
INSERT INTO `plan` (`id`,`interval_unit`, `interval_count`, `price`) VALUES (5, 'MONTH', 15, 1250);
INSERT INTO `plan` (`id`,`interval_unit`, `interval_count`, `price`) VALUES (6, 'WEEK', 13, 1650);
INSERT INTO `plan` (`id`,`interval_unit`, `interval_count`, `price`) VALUES (7, 'YEAR', 2, 1370);
INSERT INTO `plan` (`id`,`interval_unit`, `interval_count`, `price`) VALUES (8, 'DAY', 75, 2110);
INSERT INTO `plan` (`id`,`interval_unit`, `interval_count`, `price`) VALUES (9, 'MONTH', 18, 1590);
INSERT INTO `plan` (`id`,`interval_unit`, `interval_count`, `price`) VALUES (10, 'WEEK', 10, 1850);
INSERT INTO `plan` (`id`,`interval_unit`, `interval_count`, `price`) VALUES (11, 'YEAR', 7, 1130);
INSERT INTO `plan` (`id`,`interval_unit`, `interval_count`, `price`) VALUES (12, 'DAY', 45, 2130);

INSERT INTO `magazine_plans` (`magazine_id`,`plan_id`) VALUES (1,1);
INSERT INTO `magazine_plans` (`magazine_id`,`plan_id`) VALUES (1,2);
INSERT INTO `magazine_plans` (`magazine_id`,`plan_id`) VALUES (1,3);
INSERT INTO `magazine_plans` (`magazine_id`,`plan_id`) VALUES (1,4);
INSERT INTO `magazine_plans` (`magazine_id`,`plan_id`) VALUES (2,5);
INSERT INTO `magazine_plans` (`magazine_id`,`plan_id`) VALUES (2,6);
INSERT INTO `magazine_plans` (`magazine_id`,`plan_id`) VALUES (2,7);
INSERT INTO `magazine_plans` (`magazine_id`,`plan_id`) VALUES (2,8);
INSERT INTO `magazine_plans` (`magazine_id`,`plan_id`) VALUES (3,9);
INSERT INTO `magazine_plans` (`magazine_id`,`plan_id`) VALUES (3,10);
INSERT INTO `magazine_plans` (`magazine_id`,`plan_id`) VALUES (3,11);
INSERT INTO `magazine_plans` (`magazine_id`,`plan_id`) VALUES (3,12);